Residue_ID,WCN_VirusOnly,Dist_to_Receptor,Dist_to_Glycan,B_factor_Z,AA
27,1.172490601788387,55.18747702067174,9.557019,0.1884763363499106,ALA
28,1.3905067496670718,51.027977935469856,6.431759,0.1906234648749257,TYR
29,1.460120934987125,59.20277162167226,7.5906982,0.2217568284876435,THR
30,1.5555579645801,62.129672946799545,8.038923,0.1977805599583089,ASN
31,1.734499297528246,61.71035251903778,10.536633,0.2056533645500307,SER
32,1.69402811771024,65.69579148744921,13.1769905,0.1784564032331737,PHE
33,1.819883138002374,66.38260976309178,15.655617,0.1469651848662866,THR
34,1.89023000257342,62.56815095343879,15.552098,0.0589329153406704,ARG
35,1.9886260832345,61.384925741109335,16.557798,-0.226993033240497,GLY
36,2.028795667335457,63.42194405622576,17.69667,-0.2388022401280796,VAL
37,2.057784147175031,57.67011535692183,17.052443,-0.5247281887092475,TYR
38,2.004370113828969,62.19146643321471,15.632036,-0.5494201667469204,TYR
39,1.971205308945256,60.744128719256594,18.883263,-0.2173309548779296,PRO
40,1.9320631753052824,61.76298766619436,18.411991,-0.1568535014233395,ASP
41,1.967216034163492,57.487404935825936,16.634644,-0.0434135443517124,LYS
42,2.067184895046138,61.21845698572605,15.589594,-0.3558207447413987,VAL
43,2.0481268781573774,63.50756846009892,12.0355835,-0.3211088335869892,PHE
44,2.0257924654959645,65.94848209243092,11.261776,-0.4549465116462591,ARG
45,1.988033346680168,70.47895847147838,9.455556,-0.009417342705641,SER
46,1.9084222816881515,74.10324655567146,10.494056,0.0299466802529677,SER
47,2.015286846062322,72.1327075188875,13.811955,-0.2763769893158428,VAL
48,2.093457914648445,72.32867445013784,15.728767,-0.2280665975030046,LEU
49,2.113637470313546,66.92035644753172,17.203764,-0.4842906014881312,HIS
50,2.1334649050992587,66.05368054293147,20.401098,-0.2892597604659329,SER
51,2.077494167416812,62.72436284672451,21.706308,-0.1915654125777493,THR
52,2.030250200388948,57.069190622013615,23.658854,-0.1715255463442756,GLN
53,1.991061329435851,57.07864500226032,21.708792,-0.1149844951855466,ASP
54,2.015371014339589,52.19618044779433,18.72624,-0.2656413466907675,LEU
55,2.056309255675171,56.88764664363578,16.507946,-0.3873119631082857,PHE
56,1.9968687570396373,57.49448214390865,13.099862,-0.4084253936042669,LEU
57,1.9016830169497116,57.75870769218307,12.10119,-0.2398758043905872,PRO
58,1.8634866765453788,62.41096474914772,12.398532,-0.2191202286487753,PHE
59,1.7036798255901493,61.76637286420707,9.832249,-0.067747667635216,PHE
60,1.707020469311205,59.189440318684014,6.9111137,0.1247781901077981,SER
61,1.563510933759514,55.5392449914136,3.74032,0.421439781314041,ASN
62,1.6991938966872828,56.62176436844887,6.526344,0.0889927146908809,VAL
63,1.5726846493649982,52.78405623845622,7.607591,-0.072041924685246,THR
64,1.5211194960665022,54.88259098798886,10.5353565,0.243943823246132,TRP
65,1.431186920662272,51.186100216766,13.887599,-0.0226579686099003,PHE
66,1.283021183228777,54.38212735734548,17.1418,0.3885171439304771,HIS
67,1.1574444662333423,55.05208494952948,20.7212,0.3513002494968834,ALA
81,1.3238736253157517,47.221918725710616,19.633038,0.2850971199755867,ASN
82,1.3534656068940456,46.23789103609094,18.402927,0.1215574973202754,PRO
83,1.4754072081263403,42.42609576975103,17.74184,0.0839827481325125,VAL
84,1.555797741845487,44.356298935147954,15.709571,0.082909183870005,LEU
85,1.612792622367346,44.57174758973255,14.023556,0.135155977978704,PRO
86,1.7812747391064216,45.37536387565082,12.449076,0.0392509038613661,PHE
87,1.6479339373393065,45.28030824363289,11.5828705,0.1791721127415122,ASN
88,1.8001624832843093,47.528953911245125,13.120962,0.0936448264950803,ASP
89,1.9771639989953225,49.85977509751003,14.713474,-0.2795976821033652,GLY
90,1.9844130531955475,50.66070724864164,15.48344,-0.4463579975461991,VAL
91,2.009962505954939,55.09708457814514,14.810068,-0.3973318962250226,TYR
92,1.9124361370199092,53.88903173569052,15.757,-0.2477486089823089,PHE
93,1.8499306056563247,59.15799722608946,16.726143,-0.0648848296018625,ALA
94,1.7247016986898154,58.58336172812093,18.713133,0.176667129462328,SER
95,1.6082453521769555,62.429996481849926,20.823992,0.5710230685567544,THR
96,1.4263689696196966,62.98358053656083,19.903217,0.812217172866776,GLU
97,1.2369031402558843,65.58263656465247,19.137363,0.8658953859921513,LYS
98,1.1895955541724728,62.125013088729375,16.128595,0.7377833839995884,SER
99,1.3549135629577398,58.38952112876046,13.331119,0.6357947790613746,ASN
100,1.441580360833461,55.43132553740569,14.055455,0.513766307889687,ILE
101,1.593759301443315,55.64657405441562,13.832203,0.4658137708310182,ILE
102,1.6240504567397398,52.27005809172,10.332603,0.6139656390570551,ARG
103,1.730456356072696,51.3796234447482,11.733758,0.08935056944505,GLY
104,1.8017035229604152,48.19514981073158,14.401331,0.0882770051825425,TRP
105,1.810045686070558,43.87690467676468,15.43317,0.0582172058323322,ILE
106,1.8721210412936575,42.09454520769383,12.432705,-0.0326779017266371,PHE
107,1.851004458777037,40.554113008254106,9.102031,0.3291132547383948,GLY
108,1.6491332926976567,36.37493225268446,7.626667,0.4944421511645518,THR
109,1.481757246677062,34.34135312405877,10.604731,0.6017985774153032,THR
110,1.5976244701358742,37.65882910350328,13.002943,0.6612024666073857,LEU
111,1.502509852859903,33.320651025816325,12.082122,0.8837881237006099,ASP
112,1.4033765027453864,31.843807574693376,8.801968,0.7206063557994681,SER
113,1.2633790244029757,27.525111273969767,8.436241,0.726689886620344,LYS
114,1.470301692183508,32.2660409243827,8.822537,0.684820880382551,THR
115,1.646588856352807,35.244052296411965,8.549638,0.659771047590709,GLN
116,1.795028489436428,38.62024565110244,10.629884,0.3971056580305373,SER
117,1.8266151147730976,42.20963379062544,13.068302,0.1344402684703658,LEU
118,1.7694852801372445,44.45107133179012,12.950086,0.1469651848662866,LEU
119,1.7619159403538318,47.82826559183605,11.152366,0.0009604451652648,ILE
120,1.6545978844828355,48.11625220070994,7.814896,0.296190617354831,VAL
121,1.5444343887589929,52.2939839764245,6.029568,0.3666880039261577,ASN
122,1.3438828037362829,50.90812702164177,3.7049706,0.6923358302201036,ASN
123,1.171931133684849,55.543636068509215,5.936979,0.5413211239607133,ALA
124,1.1512175854564457,51.70131774409065,5.2309437,0.7095128584202239,THR
125,1.3186213878482895,52.471011321515455,6.5053535,0.6193334603695927,ASN
126,1.507557339622858,50.90538073160942,7.692941,0.3194511763758271,VAL
127,1.5596140145179491,47.73454807328599,7.494515,0.2707829298088198,VAL
128,1.677223979577965,46.626666614029965,11.093607,0.0159903448403701,ILE
129,1.6755794584202035,42.4423377691174,12.453311,0.2940434888298159,LYS
130,1.7350404353908766,39.969176990988366,11.04215,0.3505845399885451,VAL
131,1.6611581625556389,37.66377886210699,7.7461357,0.7449404790829717,CYS
132,1.5952194827881845,32.13376350301101,6.5414624,0.7814416640082272,GLU
133,1.5730303483710817,35.2684062304583,9.616487,0.8086386253250841,PHE
134,1.427106313665942,33.02921365276218,12.166912,0.9074065374757756,GLN
135,1.4920834974930726,37.66396972441871,15.347046,0.7535289931830318,PHE
136,1.339344317238032,39.533591564189855,17.871246,0.8930923473090085,CYS
137,1.2338839460102249,36.701972300592615,20.688135,0.8845038332089487,ASN
138,1.2599459730186546,41.75808696471303,18.95055,0.8669689502546589,ASP
139,1.464347654377041,43.73764796961432,15.209039,0.7549604121997084,PRO
140,1.473435708395932,46.15772991060134,12.806544,0.8150800109001293,PHE
141,1.4502896003133363,49.48821105731368,10.125765,0.6783794948075058,LEU
142,1.29074778318666,51.264925176484034,11.5387,0.5917786442985664,GLY
143,1.1390482970957132,54.431582786221576,11.767042,0.5652973924900478,VAL
153,0.7833156200607809,54.94680382522642,13.810847,0.8401298436919713,MET
154,1.0124937095536757,53.97605740061555,10.878199,0.7116599869452388,GLU
155,1.03543380596917,51.167057709962975,9.951536,0.7649803453164453,SER
156,1.2426459103177,47.69949774402903,9.009201,0.8512233410712154,GLU
157,1.324281691601914,44.21005342804477,8.63882,0.8050600777833924,PHE
158,1.259184750216653,42.54693956188067,12.352294,0.8952394758340236,ARG
159,1.4799822531607436,41.92028374291903,12.052488,0.785020211549919,VAL
160,1.4316476052276506,40.07133126231716,13.813315,0.9439077224010308,TYR
161,1.1963844802472352,35.686629644611344,14.672264,0.9113429397716364,SER
162,1.2853852584360896,33.751933950887235,10.945506,0.8004079659791934,SER
163,1.3501990497428649,35.83587031498026,9.216836,0.7732110046623362,ALA
164,1.302375354467214,31.113354629764125,5.621814,0.8097121895875917,ASN
165,1.3131621103984812,30.920941500765093,3.6972635,0.8390562794294638,ASN
166,1.4848536755906403,36.1493277035615,7.238043,0.722395629570314,CYS
167,1.4951283224420315,37.24639728100421,8.719201,0.4622352232893265,THR
168,1.560729019800686,40.74799193271532,12.182336,0.3659722944178195,PHE
169,1.4810005054851916,39.52536180372415,13.825349,0.3920956914721689,GLU
170,1.4409547547614976,44.739341900270446,11.990145,0.2986956006340153,TYR
171,1.3319513995772203,44.957560659851865,9.024631,0.2614787062004215,VAL
172,1.157126522779277,48.31913956655281,9.460329,0.296190617354831,SER
187,1.3055352186466371,68.53445196651415,23.511744,0.7989765469625166,LYS
188,1.509115876513793,66.10127339067077,21.641884,0.7342048364578966,ASN
189,1.6748281455756473,65.15578370677162,21.87315,0.2657729632504514,LEU
190,1.7431398095347572,61.04598520385328,20.117762,0.3770657917970637,ARG
191,1.899018024874048,60.52406748275017,19.72652,0.0932869717409109,GLU
192,1.9677013394199592,57.27531614865626,20.169867,-0.0698947961602309,PHE
193,2.047596053718604,55.61075675462576,19.361343,-0.3590414375289213,VAL
194,2.002899279335133,52.18001531038288,16.63921,-0.3347073142454176,PHE
195,1.992744710672524,50.63131649939295,14.246015,-0.0223001138557312,LYS
196,1.92115374070389,45.43769851191151,11.138016,0.1487544586371326,ASN
197,1.8250783864518372,48.56969686938884,11.573055,0.4028313340972442,ILE
198,1.7456885031391804,46.554808610252245,11.124104,0.571738778065093,ASP
199,1.8556305998076703,45.135847814204816,9.947829,0.4246604741015636,GLY
200,1.9310009413320568,47.38905565529623,12.853268,0.4128512672139808,TYR
201,1.9579891112508143,48.13754633827547,13.183113,-0.0480656561559115,PHE
202,1.9699200960603127,51.64619354952326,16.539494,-0.0115644712306561,LYS
203,1.966719956726284,52.54321535385487,19.01566,-0.2294980165196813,ILE
204,2.022866638030262,57.293045823854506,20.572989,-0.4653242995171651,TYR
205,1.9119909168349056,60.21311105854128,19.542192,-0.2151838263529145,SER
206,1.7698319472342297,62.84197213710896,17.204058,0.0664478651782231,LYS
207,1.598076351787209,62.230182400516746,18.06671,0.3112205170299363,HIS
208,1.5259089431524462,67.71747705970442,17.025341,0.4461317593517137,THR
209,1.388791803957696,70.698433470932,19.03983,0.6372261980780513,PRO
210,1.4055554740295504,68.42440845637739,21.256893,0.7256163223578365,ILE
211,1.1690389323716412,73.44756877488167,23.094547,0.7921773066333022,ASN
212,1.2209980152703783,70.84080729535056,23.776335,0.800050111225024,LEU
213,1.270184848895886,66.99541800157787,23.608511,0.7875251948291032,VAL
214,1.373481123121788,60.36947914126541,20.089312,0.7417197862954492,ARG
215,1.3620487243303034,65.91291948197258,17.264591,0.7456561885913101,ASP
216,1.5079065462041037,62.88420878242158,15.3050585,0.4207240718057027,LEU
217,1.445844780380665,67.7782698600822,17.49299,0.4175033790181801,PRO
218,1.4724895663554978,70.34234171367213,17.59069,0.4812015252602926,GLN
219,1.5354164041456184,69.53920190232968,17.56586,0.3602466183511126,GLY
220,1.6955996030657434,68.77722215772052,14.963822,0.1147582569910612,PHE
221,1.7384325630803803,67.05448865865579,13.602974,0.0929291169867418,SER
222,1.9179661142895092,66.4805801127683,13.530656,-0.1292986853523134,ALA
223,1.9804037429500303,61.61829951813085,15.739349,-0.2670727657074444,LEU
224,1.8777092600761536,61.8662031908621,15.227841,-0.049139220418419,GLU
225,1.9073045531131976,60.113127102039805,18.283133,-0.1564956466691704,PRO
226,1.7587740965891556,56.42023055455356,20.163582,-0.013711599755671,LEU
227,1.7617148597898682,52.782482633744976,19.565569,0.0464079989447497,VAL
228,1.8156734461129835,50.48088252884593,18.472181,0.2879599580089402,ASP
229,1.8126197556269048,47.71276857423614,15.987814,0.1262096091244747,LEU
230,1.8110737568609845,44.45791338055151,14.442265,0.3681194229428344,PRO
231,1.7936402971960734,41.58629566344275,11.720517,0.3047791314548912,ILE
232,1.7597844096181985,40.58746119084185,8.557562,0.2618365609545905,GLY
233,1.7379287190650912,40.79194069721722,6.7406845,0.4132091219681501,ILE
234,1.6667599102713548,37.93889942392029,3.747957,0.6465304216864496,ASN
235,1.7901566176169976,41.6257663700951,6.468566,0.3487952662176992,ILE
236,1.6861142906884208,39.69777994877036,8.071069,0.2983377458798462,THR
237,1.7499732980587233,38.851605974973616,11.355841,0.3402067521176392,ARG
238,1.8094933764528105,44.92079643891153,14.095534,-0.0326779017266371,PHE
239,1.7119288038047067,42.90330461962801,17.717196,0.1401659445370724,GLN
240,1.6908980253337154,48.42243630236764,16.280737,0.0417558871405503,THR
241,1.6454214156959663,47.52810302472219,13.210361,0.3029898576840452,LEU
242,1.5284327699671685,51.50798242060141,13.488168,0.5151977269063637,LEU
243,1.4075090504839782,53.98558822082666,12.192826,0.6708645449699532,ALA
244,1.222213920425812,50.23043279128111,15.062574,0.7549604121997084,LEU
245,1.022877466495393,53.34253184252532,17.540558,0.8852195427172869,HIS
246,0.9259186422151612,48.66097098741777,17.690659,0.7284791603911898,ARG
247,0.7861622843516941,57.334875918939694,18.704163,0.7213220653078065,SER
264,1.452295450318437,59.11405367711922,17.541443,0.2192518452084593,ALA
265,1.6657812967047434,51.92014581612911,15.570818,-0.0766940364894453,TYR
266,1.748064366564703,56.22732702320589,12.291182,0.0990126478076178,TYR
267,1.7912764779135826,52.20544926002431,11.449045,-0.2237723404529746,VAL
268,1.8609111046082745,53.41017341171952,10.145335,-0.2133945525820687,GLY
269,1.859971107575908,49.06826228617378,11.470559,-0.0298150636932838,TYR
270,1.973686419005728,52.06671390706432,13.9458275,-0.3092996266994064,LEU
271,1.866750389584276,53.01650326191411,14.811205,-0.2248459047154822,GLN
272,1.910156528691516,52.87028338237526,18.085466,-0.3118046099785906,PRO
273,1.9978044841279528,57.403528573420445,18.047878,-0.3017846768618539,ARG
274,2.096045230209498,60.82945408578378,21.011463,-0.3873119631082857,THR
275,2.162206056844192,62.30460186052051,21.38929,-0.5154239651008491,PHE
276,2.193208628850944,67.26795637158781,18.953962,-0.5776906923262849,LEU
277,2.138623213309491,66.47326946990411,15.309408,-0.4134353601626352,LEU
278,2.05051064784747,71.97144804074708,12.661785,-0.2273508879946664,LYS
279,2.056882397449501,68.48586449557331,9.715137,-0.3164567217827899,TYR
280,1.838325975725068,73.43993132823194,6.4253383,0.1942020124166172,ASN
281,1.7082323577433698,71.92908892216207,5.5553007,0.4418375023016837,GLU
282,1.660526580197905,68.97360151060722,3.6475513,0.2511009183295156,ASN
283,1.9447575195494315,69.2567074557924,6.415245,-0.1378871994523736,GLY
284,1.8442622429427156,70.99159543976859,6.9344883,-0.0824197125561519,THR
285,1.953167969788678,68.06424109845447,9.332756,-0.2377286758655723,ILE
286,1.7704227002061197,73.16187857989853,9.432439,-0.0902925171478736,THR
287,1.845765337593234,71.27457701598046,13.07713,-0.0584434440268174,ASP
288,2.0096445634644238,68.50423454139063,16.294706,-0.3243295263745117,ALA
289,2.0403977791106884,67.0567599237983,18.846485,-0.487869149029823,VAL
290,2.056927829226386,63.01265795764791,18.060616,-0.4109303768834511,ASP
291,2.131093254153007,65.04162836564485,19.947063,-0.2184045191404371,CYS
292,1.9437843619925592,62.02264296982975,17.352427,-0.4646085900088267,ALA
293,1.836353154274173,64.60911481304154,15.3646,-0.417013907704327,LEU
294,1.8477278901475367,66.79555263147903,17.852743,-0.4041311365542369,ASP
295,2.013807788270743,69.13684429630248,18.955261,-0.6170547152848938,PRO
296,2.038908907714351,71.58385880351476,15.406798,-0.6614287048018709,LEU
297,2.1095669632405807,68.9887744210746,17.209745,-0.4760599421422402,SER
298,2.1950247528754114,65.47949652519763,19.516676,-0.4460001427920299,GLU
299,2.2400686519138766,71.16923821664659,16.7759,-0.5605136641261647,THR
300,2.2002467878105425,72.3918769792827,15.142646,-0.6045297988889727,LYS
301,2.2261163809744158,67.73350948035302,18.698895,-0.1021017240354565,CYS
302,2.207883915956248,70.51166860903713,19.3434,-0.3379280070329402,THR
303,2.159073026853556,73.60853754577532,16.434326,-0.3425801188371394,LEU
304,2.131314862811388,71.92219892106263,17.077269,-0.2760191345616737,LYS
305,2.03771822098912,74.99275116167088,13.591029,-0.3644092588414589,SER
306,1.8984999670262404,73.2870936000337,11.58034,-0.3275502191620342,PHE
307,1.8662887858267605,78.78231987996253,8.336204,-0.2613470896407375,THR
308,2.0178572958716567,77.99554489043842,9.305477,-0.4642507352546576,VAL
309,1.9602601567082591,81.7740073168403,7.883816,-0.4374116286919698,GLU
310,2.027148595618682,83.33514927203274,9.906494,-0.6796792972644987,LYS
311,2.1168265925284544,80.78339828497592,13.562421,-0.8725630097616818,GLY
312,2.230412420487708,78.22597274991035,16.683538,-1.0541081538339203,ILE
313,2.259358649195243,74.36548640551482,17.985313,-0.9955488010361236,TYR
314,2.300256433474906,70.83052582001072,21.559313,-0.7297789628481826,GLN
315,2.241568113060322,68.30662128208466,21.700405,-0.6879099566103897,THR
316,2.160287874037513,65.70411956421871,20.59166,-0.603098379872296,SER
317,2.176515600168337,63.63471220370458,17.482042,-0.6453252408642582,ASN
318,2.0745912251327354,62.15680040197134,14.856484,-0.327192364407865,PHE
319,2.0305288457743123,58.5850164687484,14.412371,-0.0079859236889644,ARG
320,1.898498012808362,57.57249252380492,13.143439,0.0821934743616668,VAL
321,1.7852397955936816,53.77324539135161,16.049969,0.2743614773505116,GLN
322,1.8182334587666076,50.838471334298674,17.103079,0.1294303019119974,PRO
323,1.5967068694931692,49.63207941525161,17.894354,0.3799286298304172,THR
324,1.5732268791243391,46.59181412824461,21.226908,0.3387753331009623,GLU
325,1.7341212039795824,45.91556641462778,18.163551,0.1337245589620273,SER
326,1.7486496952562107,47.0082566484831,14.721689,0.007759685494479,ILE
327,1.8100695632947248,44.61773884565272,12.665301,0.0195688923820618,VAL
328,1.8094990191596052,46.7972640980881,9.372198,0.1126111284660461,ARG
329,1.7739434747985334,44.47588425531103,7.6551814,0.0675214294407306,PHE
330,1.6531385035425492,44.98314676887997,4.8586087,0.2020748170083389,PRO
331,1.46859265679981,43.475924809009165,3.4100873,0.308357678996583,ASN
332,1.4077895125356903,39.47822363786866,5.5453887,0.3842228868804472,ILE
333,1.3599031385735338,39.656072849916285,7.1949854,0.6672859974282614,THR
334,1.3388277284810255,37.5137480499822,10.831877,0.7771474069581971,ASN
335,1.474752668703173,34.79095469964474,12.7124605,0.835477731887772,LEU
336,1.5612360741311984,33.56526834185715,11.853641,1.0029537568389444,CYS
337,1.393952169153534,31.94891766982418,8.682926,0.9703889742095494,PRO
338,1.4954510151931508,28.76890834229012,7.2342,0.931740660759279,PHE
339,1.35535304070168,28.72704880665472,3.9689546,0.8633904027129674,GLY
340,1.3594688016536902,26.912301830110557,6.466996,0.9177843253466812,GLU
341,1.485962980110726,24.615024873365023,7.8260083,0.8211635417210053,VAL
342,1.4603960741936812,23.492271523534555,5.4173007,0.9678839909303656,PHE
343,1.3125962615757218,23.80279604318681,3.2651002,0.93997132010517,ASN
344,1.2775829986561886,22.431240129098978,6.777506,0.9220785823967116,ALA
345,1.0971366492760888,20.37333527198675,8.814403,0.8698317882880122,THR
346,1.1713614276759308,18.143037052548447,11.663509,0.914921487313328,ARG
347,1.3657253807891323,18.416368651273316,12.243312,0.9732518122429028,PHE
348,1.406163202825732,17.472909522679814,14.578218,1.0126158352015118,ALA
349,1.4232857398175276,15.955883356902923,14.768963,1.0823975122645002,SER
350,1.514898450814808,11.890270009607567,16.81368,0.9410448843676776,VAL
351,1.3692071378155055,13.63665670186968,14.132297,1.058421243735166,TYR
352,1.2893983004406462,16.758081402273152,11.679388,1.096353847677098,ALA
353,1.4898022294134177,18.160442125149142,13.870821,1.0577055342268271,TRP
354,1.446182139210134,21.68383615806299,12.909752,1.1600519939192104,ASN
355,1.4814778736476766,25.093136685342188,13.462938,1.024067187334925,ARG
356,1.5171311310199471,27.775672914797024,13.571197,1.1214036804689396,LYS
357,1.6002863369411238,31.11655775123696,12.006736,1.4669621933058483,ARG
358,1.6695100984064395,32.36889089463463,15.061333,1.6838757480651974,ILE
359,1.7027209493424875,36.36741706282032,14.751422,2.598315243619317,SER
360,1.732800798488754,39.870473287864016,11.066122,3.036041126181076,ASN
361,1.705592341474237,37.5988665431411,10.882054,3.240903927898239,CYS
362,1.7506498867378513,36.38020490355457,11.854652,3.204397234858676,VAL
363,1.754974386907218,34.53154484169324,14.808294,2.9367996305395434,ALA
364,1.653986121408647,30.432801469161184,13.920168,2.8726470922855527,ASP
365,1.6673552549045996,28.078400829027377,13.81751,2.499782615803796,TYR
366,1.532367961630284,26.859700082116422,14.369135,2.47674441145844,SER
367,1.424056859293066,25.071288596727992,10.892064,2.3392240532123165,VAL
368,1.535889320389456,23.34913677194513,10.514657,1.8954727941294645,LEU
369,1.5024451438164406,22.094949270216667,14.025598,2.209501241052313,TYR
370,1.3204264469146128,22.149384047047214,14.166883,2.239982557570784,ASN
371,1.2971506715892025,19.38786275645176,11.028027,1.9415492028201764,SER
372,1.203578358240898,16.002490453177085,13.413448,1.7132937628446516,ALA
373,1.2251456013237825,15.745485704537789,10.800156,1.4627089863497826,SER
374,1.425031197526455,16.25076797853236,12.106826,1.0373078132391846,PHE
375,1.334893220780584,13.698561230684687,15.33864,1.067367612589395,SER
376,1.4501958752154636,16.626015633076427,16.741295,1.0183415112682184,THR
377,1.532250720304129,19.130336043515285,16.644897,0.955359074534444,PHE
378,1.517843243971265,17.050045553224262,19.862103,1.1550420273608422,LYS
379,1.6426883833564796,23.5239137261608,20.939735,1.3486414493663637,CYS
380,1.5690733436145885,21.4405635862151,24.190527,1.316792376245307,TYR
381,1.6044112163498134,29.18663940605543,25.420475,1.5686847263384187,GLY
382,1.5803681710640451,27.92522511707699,24.356651,1.8398266697876056,VAL
383,1.4993304474568028,26.397577805009423,23.50611,2.3232745271270705,SER
384,1.563847071548946,24.03554414821662,20.011105,2.459731583634177,PRO
385,1.475720035285223,26.165269899617176,21.068935,2.8212541748997597,THR
386,1.581405424036697,27.897320320264814,22.43111,2.932546423583477,LYS
387,1.7208769351496862,28.72952568802601,20.039755,2.820190873160743,LEU
388,1.7421414473061485,32.49134080989517,18.103779,3.1508777139948494,ASN
389,1.6791121739163417,33.50636067730213,17.016956,3.2327519478991134,ASP
390,1.720653550214996,35.93415925274683,16.864988,2.976141794883151,LEU
391,1.803481470824081,38.95892365692664,14.718279,2.826216249681836,CYS
392,1.8180699326440408,35.463431029423504,16.151516,2.417908381899532,PHE
393,1.832774964160698,37.88747108076981,15.808688,2.3994778184232466,THR
394,1.7945192766825817,34.211745035711274,14.5846195,1.976992594120724,ASN
395,1.8165719447069384,31.828461484020576,16.212017,1.2613248893490858,VAL
396,1.7411371635941213,28.433582257945396,14.812434,1.056274115210151,TYR
397,1.7283310518738653,26.010101135058548,14.913563,0.7692746023664753,ALA
398,1.673891691476194,22.77064025575339,16.000452,0.8401298436919713,ASP
399,1.648183614671781,20.276934438816927,14.003676,0.8909452187839935,SER
400,1.6313365675703193,16.33740207971455,15.431858,0.7979029827000091,PHE
401,1.574771093672113,12.983461580745216,15.943904,0.824742089262697,VAL
402,1.5131513985816776,11.494412844732317,18.95013,1.0000909188055904,ILE
403,1.4449774709102383,4.908552299832909,20.727337,1.307846007391078,ARG
404,1.4384007814142352,9.391631735494729,20.319117,1.414486724133491,GLY
405,1.2778490822413178,8.06631659690449,23.47594,1.6140522672031192,ASP
406,1.3944128695621496,7.581972923544567,23.14826,1.5002789811283628,GLU
407,1.4795163367717763,13.707958640182827,20.768974,1.3425579185454877,VAL
408,1.3607114406457814,7.488135572767389,23.980316,1.5619504819913148,ARG
409,1.4586093732515486,9.932332571732744,21.892023,1.3296751473953974,GLN
410,1.553830143329754,15.7729001544506,20.603767,1.0917017358728984,ILE
411,1.5143613556709483,18.903068178225865,21.650984,1.2656191463991155,ALA
412,1.4917130764140247,21.33166152625712,20.64023,1.2169508998321084,PRO
413,1.3191024745057751,18.93521602405761,20.647951,1.4456200877462086,GLY
414,1.310575859267234,15.111219226530642,20.897078,1.5647859532953583,GLN
415,1.2218849311193052,12.477620273937418,19.863169,1.7338509297989697,THR
416,1.2087399319681729,9.689940554562812,20.103376,1.6232675489412618,GLY
417,1.2215760682760477,3.5307611974751545,18.418438,1.582862082858638,LYS
418,1.4263726998818411,9.450661693829463,17.56117,1.3278858736245518,ILE
419,1.4777214212532117,12.282723878962546,16.392912,1.3257387450995366,ALA
420,1.2744067516531603,10.65933200611418,14.674787,1.616533304594158,ASP
421,1.2436057673935093,7.722080300678005,12.2945795,1.5339502028638827,TYR
422,1.402871789552774,10.17522755841002,13.216668,1.2051416929445258,ASN
423,1.453375815991247,14.977204287213388,13.334284,0.9510648174844144,TYR
424,1.424469412686034,17.624983699925316,13.590788,1.1586205749025336,LYS
425,1.5000920326767295,19.831813252763137,15.496037,1.0090372876598197,LEU
426,1.424863152503865,23.222186236170916,15.748053,1.1271293565356466,PRO
427,1.3921641268126714,23.01675333280537,19.15984,1.4963802080853026,ASP
428,1.43288536495511,27.297690121262196,20.510155,1.506304357649456,ASP
429,1.5934601696259358,25.20416043460216,19.689713,1.1081630545646806,PHE
430,1.699612315209992,28.78433853943585,21.732872,1.2087202404862178,THR
431,1.7993478169933692,28.23299500832621,20.54868,0.9263728394467416,GLY
432,1.7712044390900612,25.62691729839963,18.381329,0.9038279899340836,CYS
433,1.7164175806642377,21.267436369044905,17.199144,0.6962722325159644,VAL
434,1.678560736296829,21.041470321974828,14.082245,0.6032299964319798,ILE
435,1.62765584754615,17.05670977756397,13.642088,0.7141649702244229,ALA
436,1.4915030043741075,15.263713845552916,12.219398,0.8243842345085276,TRP
437,1.3774804883450853,10.178875466011322,13.594967,1.052695567668459,ASN
438,1.348041860342552,13.88635094406586,12.325683,1.2638298726282695,SER
439,1.2676824660901085,8.854144529550256,15.511143,1.4680254950448648,ASN
440,1.0798751833935951,12.267499750186104,14.496944,1.6463057532866172,ASN
441,1.1382151715548448,14.96558932772738,12.573619,1.582153215032627,LEU
442,1.252854346581926,11.326843459664534,15.03094,1.5385578437329537,ASP
443,1.2636872678097637,8.794097389728982,18.297445,1.7402307402330677,SER
444,1.06465641654227,8.913427971221594,20.463156,1.9518277862973348,LYS
445,0.9079090945691338,6.903599646381428,23.938929,2.0422084341137303,VAL
446,0.8391222538852968,4.852885288779824,26.641514,2.039727396722692,GLY
447,1.0769944333202055,6.423777998208819,24.730068,1.9263085445609407,GLY
448,1.1555477130022151,7.448720674612264,22.016623,1.7678765854474945,ASN
449,1.0860408107662165,2.9890005812510783,20.857256,1.8167884654422497,TYR
450,1.086931338054216,9.812980591411442,17.538803,1.6764326358920827,ASN
451,1.2923854526288752,9.342255599168627,17.896826,1.4531350375837615,TYR
452,1.2957626763052337,9.283862136073504,17.119328,1.3411264995288106,LEU
453,1.326275728820587,3.779064803705215,17.927265,1.295321090995157,TYR
454,1.2127852524093456,8.506540426538132,15.597184,1.3740491369123744,ARG
455,1.035370255767167,4.252142986962619,17.396872,1.5587605767742654,LEU
456,1.2340054730311538,3.84219825264954,28.941177,1.7175469698007173,PHE
457,1.2360298523256876,8.562578319070973,26.199623,1.6516222619816994,ARG
458,1.0857438174474312,9.262046785266511,26.383087,1.8483330836997367,LYS
459,1.140713006174652,11.721593415909798,24.868614,1.7551169645792974,SER
460,1.3021999982930326,12.091979948199835,23.879818,1.6062547211169989,ASN
461,1.413654740399463,15.986955030218116,20.30596,1.4441886687295322,LEU
462,1.3508933246834929,18.2090205257278,18.177135,1.4584557793937167,LYS
463,1.519965820360483,22.26795419535304,17.700602,1.231622944753045,PRO
464,1.520688842816093,22.12673272422981,15.323364,1.1117416021063722,PHE
465,1.4302195609828343,19.35446718018656,14.840464,1.5197728463436635,GLU
466,1.3982679171265402,20.142585429703075,15.572923,1.5672669906863972,ARG
467,1.306289324060525,16.064754348933825,17.707285,1.7926869593578778,ASP
468,1.2328444122118978,16.71774054874649,18.504263,1.6686350898059623,ILE
469,1.1228286292997605,14.200978611169916,20.454643,1.8823587393482624,SER
470,1.0954677661562535,12.01795683847187,24.068966,2.0730441845452066,THR
471,1.058049484641031,10.88312702375269,25.969349,2.3090971706068517,GLU
472,1.1248499053885068,10.134883445645814,29.623497,2.296337549738654,ILE
473,1.1720833883212496,5.403267339993875,30.13751,2.1471208723633506,TYR
474,1.0872993651063678,7.318940156618312,32.64136,2.616391373182596,GLN
475,1.0029872934722674,3.71683323851808,34.7094,2.631277597528826,ALA
476,0.8934290410176879,2.6529668884050808,37.56004,2.7861652175122176,GLY
477,0.8024648435074971,3.725166290698217,37.63026,2.8942675609788866,SER
478,0.8048716561768017,5.572820486198931,38.572166,2.8861155809797605,THR
479,0.8412312127537707,5.795777139926222,35.84384,2.9226222740193246,PRO
480,0.9449353948067076,7.653653466357664,35.054977,2.95664792966785,CYS
481,0.8149035298748727,4.103265004610534,34.35109,3.0704212157426065,ASN
482,0.8847304822087487,9.316733314091472,32.382004,2.9183690670632587,GLY
483,0.859221933552643,10.497933079962904,35.448315,2.821608608812765,VAL
484,0.9225986384456664,6.929656936945414,36.47564,2.696847871434838,GLU
485,0.8523491002641997,6.400727163456838,39.518776,2.777304369687081,GLY
486,0.822687158093766,2.4695356084330675,40.771618,2.814519930552656,PHE
487,0.9735772767220384,3.253304693951883,37.95325,2.7014555123039097,ASN
488,1.1065658680860555,6.731594829726463,35.566326,2.648290425353089,CYS
489,1.102386801477376,3.724317538389863,33.929367,2.210918976704336,TYR
490,1.1104389594822277,5.1121195673387785,31.344416,1.8667636471760216,PHE
491,0.8538812484974749,7.215249514659729,16.792248,1.7047873489325205,PRO
492,1.0424222524684186,6.250396044358229,17.49037,1.4744053054789632,LEU
493,1.0582776801839238,2.446010574937696,20.16933,1.4758230411309852,GLN
494,1.1749501134816949,5.25699526187758,20.355053,1.5328869011248665,SER
495,1.214971237191526,5.230864885835977,22.919254,1.4384629926628252,TYR
496,1.1445557968989464,3.3786783811066576,24.856226,1.6427614141565627,GLY
497,1.265745815032151,5.467670341975395,22.199255,1.532178033298855,PHE
498,1.158880465945745,3.431698942306345,23.080809,1.8394722358746,GLN
499,1.0644938918705655,6.142072484151059,21.564571,1.855776195872852,PRO
500,0.90729386149093,2.570190555707937,24.720415,1.9170932628227983,THR
501,1.0361349871930234,3.2829874115496334,24.517756,1.744129513276128,ASN
502,0.9719069145666476,3.0695619776111016,25.206144,1.7207368750177667,GLY
503,1.0935886227580012,4.59920393644856,22.664532,1.6477234889386392,VAL
504,1.2271575479731227,5.7583055504080685,23.187489,1.5360768063419152,GLY
505,1.2352499070979444,2.2085747708486654,23.21129,1.56939359416443,TYR
506,1.3474972631108126,6.550953868126094,19.778133,1.4903548315642094,GLN
507,1.474806938841824,9.535231254608304,17.160303,1.2434321516406273,PRO
508,1.570330251644141,10.273017400596748,15.153784,1.071661869639425,TYR
509,1.591563770411779,15.98986232388286,12.566719,0.9825560358513014,ARG
510,1.6748474520051495,17.340209336719916,13.731857,0.6315005220113443,VAL
511,1.7097269389182388,21.665499016040712,13.076626,0.5123348888730104,VAL
512,1.7485216694710315,21.30151980074489,16.161602,0.5381004311731907,VAL
513,1.7922829332841608,25.93388887459189,16.200453,0.6594131928365398,LEU
514,1.7815558917894674,27.63814383642401,18.582384,0.9134900682966516,SER
515,1.7963773657484268,30.78146092267347,18.679752,1.3386215162496269,PHE
516,1.693087475221497,32.35604391459196,16.272152,2.065246638459086,GLU
517,1.6759183932166075,35.684265463963946,16.845968,2.6284421262247823,LEU
518,1.572485883344097,34.888321201304954,13.824502,2.905963880108067,LEU
519,1.5763559103405649,39.3272469122986,11.506854,0.9249414204300648,HIS
520,1.686289449818818,41.412386717210246,11.329995,0.6547610810323407,ALA
521,1.7146179741662992,44.411981470060766,13.179562,0.5552774593733111,PRO
522,1.7664154672658037,43.10488148396458,11.756974,0.6690752711991075,ALA
523,1.8298640282773568,39.88347844445714,11.2568445,0.7832309377790729,THR
524,1.8644831697234387,38.10665515981883,11.784006,0.6629917403782315,VAL
525,1.8620205887939136,38.35665192537749,13.16418,0.8021972397500391,CYS
526,1.829009347782716,36.98410169547463,14.461766,0.5921364990527357,GLY
527,1.6785625991139503,36.19785970993102,12.676508,0.576390889869292,PRO
528,1.6204922532395587,39.51709195307356,10.5564785,0.4511417259100821,LYS
529,1.4941279796837852,36.527572638994855,10.788819,0.3792129203220787,LYS
530,1.5786490321528803,41.68007813199703,8.204717,0.2929699245673086,SER
531,1.5087584813103392,42.00992249125465,10.604552,0.2002855432374932,THR
532,1.43127993903031,43.60244672388616,10.918492,0.2825921366964025,ASN
533,1.5375713100699917,48.28043549313545,12.789511,0.1988541242208165,LEU
534,1.5181973410355871,49.74593259608286,16.478275,0.3180197573591505,VAL
535,1.5834843362275626,54.06559553351246,15.693997,0.2264089402918428,LYS
536,1.5953536303472309,56.866937852720014,11.9439945,0.187402772087403,ASN
537,1.7034261629038052,51.878324926214944,12.914282,0.1466073301121175,LYS
538,1.9365233376280735,53.86690893611872,13.854063,0.0499865464864412,CYS
539,1.9389221557426508,51.17046397594782,17.538616,0.0360302110738437,VAL
540,1.957034654283939,49.49563596328997,20.779669,-0.0509284941892648,ASN
541,1.9828957555481748,50.651773557931946,17.412945,-0.0985231764937647,PHE
542,1.9704477492283807,47.8287738198739,15.425858,0.0210003113987385,ASN
543,1.9505118925017089,50.73185443432617,12.9593,-0.0673898128810467,PHE
544,1.8392750699471407,49.1803810510777,12.004312,0.1755935651998204,ASN
545,1.8404468026339855,49.72414940097487,15.762654,-0.0065545046722877,GLY
546,1.9589809036587096,52.07754198792638,17.377241,-0.0480656561559115,LEU
547,1.969323528086995,50.10294642222411,19.320414,-0.1049645620688098,THR
548,2.0129235799108454,53.28711732686428,21.298935,-0.019795130576547,GLY
549,2.044594660609797,54.46807426687168,18.819016,-0.1128373666605315,THR
550,2.094375968925409,56.2501599394864,15.305666,-0.2226987761904671,GLY
551,1.985242223236129,58.47044264836164,13.191056,-0.2617049443949066,VAL
552,1.9089179623318036,54.36263767653274,15.421547,-0.1650841607692305,LEU
553,1.7210401520362713,59.623487407789966,14.658763,-0.0316043374641296,THR
554,1.5622332951614382,58.631753501233575,17.195675,0.2013591075000007,GLU
555,1.645436883844012,62.741741471872615,14.203045,0.2621944157087599,SER
556,1.452740283920855,65.88897437705042,10.874621,0.3155147740799662,ASN
557,1.598213814504566,65.05330851013555,8.79905,0.1161896760077379,LYS
558,1.5876452426773466,65.76647488695197,6.6602893,0.1566272632288543,LYS
559,1.7876655806248891,61.64935336042159,8.862228,-0.3153831575202824,PHE
560,1.721254412923828,62.16877929582386,8.62134,-0.1722412558526138,LEU
561,1.6003564769903091,59.43880670863359,11.769972,-0.3261188001453576,PRO
562,1.7495899386717322,59.59041813875232,14.068591,-0.511129708050819,PHE
563,1.9581920165365827,59.9257714299941,13.488237,-0.1997960719236401,GLN
564,1.9467054521503475,54.88616661959136,15.437247,-0.2420229329156023,GLN
565,2.08729863752026,58.2192434792364,15.884413,-0.3060789339118839,PHE
566,2.110857767320796,62.15922800401003,14.322286,-0.2001539266778092,GLY
567,2.1222238943938123,61.00566672577063,16.507795,-0.0634534105851858,ARG
568,2.060022386066156,67.01872889392182,16.815336,0.151975151424655,ASP
569,2.040280502664934,70.47099682968144,18.159933,0.1784564032331737,ILE
570,2.141643864362861,67.6969220866629,21.887506,0.2604051419379139,ALA
571,2.133352265411575,64.71432115147742,21.018204,0.2618365609545905,ASP
572,2.1207421775063686,63.88592347931088,21.54546,-0.0158587282806861,THR
573,2.10413211488478,59.81577639373826,20.05281,-0.0910082266562121,THR
574,2.069982091024296,62.7911773824691,18.112976,-0.0373300135308364,ASP
575,2.07030216970034,60.35431738388546,16.449638,-0.2949854365326395,ALA
576,2.0362670558826648,56.99705050609165,16.372484,-0.3461586663788311,VAL
577,1.9220940940978812,54.90228591717567,13.243145,-0.2871126319409178,ARG
578,1.8089563862909503,51.41865936011565,10.224687,0.0217160209070767,ASP
579,1.7548468957026646,50.437088063485696,7.4373784,0.0206424566445694,PRO
580,1.5372066604769272,45.08939879282124,4.61093,0.2593315776754064,GLN
581,1.441802634844833,51.09823348044745,6.6451287,0.1029490501034786,THR
582,1.601924980295208,53.67248488234068,9.234685,0.1151161117452303,LEU
583,1.6132310666626917,56.19061173737619,12.3337555,0.2926120698131393,GLU
584,1.810528174911028,59.44452713729976,14.980406,-0.0806304387853062,ILE
585,1.8892668680672648,56.0760892309603,17.240543,-0.1396764732232194,LEU
586,1.9468145521376223,60.38164038823643,17.02034,0.0170639091028776,ASP
587,2.034883723133849,58.0366583315156,16.176445,-0.239160094882249,ILE
588,1.9626973257517757,60.93986283183157,13.232971,-0.2273508879946664,THR
589,2.053303471332928,61.96962975125791,13.523969,-0.278881972595027,PRO
590,2.011810457727566,58.16914273896925,11.527738,0.0174217638570467,CYS
591,1.9883778391543716,62.523692614644965,9.239992,-0.1496964063399562,SER
592,2.140428950643249,64.02452244892132,11.721678,-0.3508107781830303,PHE
593,2.2459392641859592,66.47743051593817,13.227633,-0.6106133297098486,GLY
594,2.301940724293845,69.03086232186338,15.975389,-0.7040134205480023,GLY
595,2.280358967040578,67.43968928370309,16.56551,-0.8951078592743397,VAL
596,2.318222132293839,71.93287337287626,18.768866,-0.937334720266302,SER
597,2.250272162434211,72.01847368078307,18.55578,-0.868626607465821,VAL
598,2.2070510307764426,76.30971442238457,16.44418,-0.8281890202447046,ILE
599,2.107990910925794,78.45995181035936,12.866743,-0.7981292208944942,THR
600,1.953147536966278,80.76653036435937,10.350437,-0.6521244811934725,PRO
601,1.971396533961712,81.84665026659661,7.5980806,-0.387669817862455,GLY
602,1.8339127211247288,78.32407741177703,7.135327,-0.2116052788112227,THR
603,1.6133229099870747,82.9831797084864,3.691479,0.2253353760293353,ASN
604,1.5953865305022117,83.79540943141274,6.284847,-0.0602327177976634,THR
605,1.643672682451522,80.0747287009336,9.444757,-0.1761776581484747,SER
606,1.707891479622765,75.7740331464312,11.791754,-0.1096166738730089,ASN
607,1.7273884208180206,76.98314985703458,14.53693,-0.3364965880162635,GLN
608,1.9525790996224253,73.49167264308224,16.106953,-0.8210319251613213,VAL
609,2.048587681125249,74.61409997020385,19.06105,-0.7591230526900546,ALA
610,2.121080297711761,70.49089438178865,17.121464,-0.8575331100865767,VAL
611,2.2219314211591508,71.75845706678767,14.661716,-0.9058435018994148,LEU
612,2.2081579457284555,66.74344665837782,12.161747,-0.8510917245115316,TYR
613,2.2767373914856206,70.43651243442238,12.281384,-0.5315274290384618,GLN
614,2.13506952846723,70.01406119591717,9.559773,-0.2931961627617938,ASP
615,2.0447356400451637,66.93488344989484,7.2176375,-0.3475900853955078,VAL
616,1.8075050872396383,67.34476511443025,3.7262359,0.1566272632288543,ASN
617,1.790741591659959,67.97733859855926,5.918149,0.1598479560163767,CYS
618,1.5501289820309072,63.82808434570526,5.695776,0.3391331878551317,THR
619,1.6769546555064632,63.0378769020843,7.2477317,0.2045798002875231,GLU
620,1.765970167333073,62.98623931410539,9.798398,0.0814777648533283,VAL
621,1.5395210487210214,59.60435703083914,12.929349,0.2496694993128389,PRO
640,1.295213477362842,71.30032849689904,18.211058,0.2718564940713274,SER
641,1.566826148939461,73.6286755370745,15.539367,-0.1028174335437947,ASN
642,1.6634498244176572,70.60859291402078,12.54148,-0.2337922735697115,VAL
643,1.7440480694458629,74.55797477100704,11.8595495,-0.5071933057549581,PHE
644,1.7861525821285509,72.25182930545022,9.152077,-0.4091411031126053,GLN
645,1.92997235088068,76.25831844407308,10.986869,-0.4971733726382213,THR
646,1.9122138619219324,77.4081000563775,11.302011,-0.2795976821033652,ARG
647,2.1521243846529985,75.21066226479927,12.426693,-0.5501358762552587,ALA
648,2.196535564827093,73.77361670028843,9.832021,-0.5461994739593978,GLY
649,2.0759388829457466,70.70473434887705,9.526399,-0.5071933057549581,CYS
650,2.060317265271898,73.86830402304268,13.054952,-0.8514495792657009,LEU
651,1.9092752805567028,69.24796554973608,14.812875,-0.7151069179272466,ILE
652,1.8109546642663688,74.20117479423317,18.372068,-0.7859621592527425,GLY
653,1.871121616251678,76.96949868752175,15.131412,-0.5315274290384618,ALA
654,1.6741637310397852,79.7441843098981,11.72663,-0.3293394929328801,GLU
655,1.6575399631586838,81.18383401776754,8.605045,-0.304289660141038,HIS
656,1.529026452150256,84.53437144631206,6.245723,-0.3615464208081055,VAL
657,1.4128040918593068,87.37774469601207,3.7204404,0.1083168714160162,ASN
658,1.4702334130808623,90.12851110845985,7.051295,-0.0978074669854263,ASN
659,1.687808338682434,92.09111580041062,10.00013,-0.4431373047586766,SER
660,1.750552452062524,90.70584100065857,13.461246,-0.521507495921725,TYR
661,1.859307610241193,91.5409805268836,16.882734,-0.2939118722701322,GLU
662,2.018706397539203,88.22262264836961,17.6968,-0.3472322306413387,CYS
663,1.9695072220901289,87.37745626874414,16.948906,-0.4993205011632364,ASP
664,2.129753609566808,82.63171828204088,17.115818,-0.8793622500908962,ILE
665,2.2164129682179023,82.18173013899946,20.03503,-0.9584612109308523,PRO
666,2.2290337101670703,79.65011759493694,18.873163,-0.879004395336727,ILE
667,2.27894305179601,82.25640656228705,18.167152,-1.02834203860289,GLY
668,2.16449310416041,82.41327236628311,17.541962,-0.9022649543577232,ALA
669,2.133645773734539,85.46832706523408,15.929297,-0.9584612109308523,GLY
670,2.13690027161225,82.63163396437385,14.390643,-1.1032980101840697,ILE
671,2.1876973853438675,84.48747154623646,15.548761,-0.833198986803073,CYS
672,2.100321381105446,82.55918200853051,15.74217,-0.5404737978926911,ALA
673,1.931648641063424,84.44728317534403,16.263887,-0.6453252408642582,SER
674,1.789882143186615,83.33157503783649,14.227735,-0.3275502191620342,TYR
675,1.572067620974981,86.63576999192587,16.27879,0.1201260783035987,GLN
676,1.4033572511673298,85.50768046865454,14.402892,0.2174625714376135,THR
690,1.32900824476505,82.17930770568721,15.3259945,-1.4131677837766228,GLN
691,1.553547865366517,81.49947239149118,16.651516,-1.4131677837766228,SER
692,1.8417158620961307,79.54337710937581,16.128618,-1.4131677837766228,ILE
693,1.870251563465581,82.4866280360749,12.658278,-1.4131677837766228,ILE
694,1.9749778072685624,81.69000216256136,11.3532,-1.4131677837766228,ALA
695,1.8888032429153747,84.72796387637153,9.431853,-1.4131677837766228,TYR
696,1.9020952591812883,87.08356486234538,10.574821,-1.4131677837766228,THR
697,2.017030102946375,89.04943272168624,13.3639555,-1.4131677837766228,MET
698,1.9024336601085976,92.65519877624796,14.049355,-1.4131677837766228,SER
699,1.972293833724189,94.19091421366257,17.495588,-1.4131677837766228,LEU
700,1.8871470613564385,98.1409843519048,18.365957,-1.4131677837766228,GLY
701,1.7141045553744545,101.15669425232056,18.291578,-1.4131677837766228,ALA
702,1.7308931502471057,101.75466523682483,17.104342,-1.4131677837766228,GLU
703,1.716697479614107,105.84870231611995,13.554133,-1.4131677837766228,ASN
704,1.7099554054651995,108.69264701686043,11.373822,-1.4131677837766228,SER
705,1.8407795238380849,111.5911548450954,8.930659,-1.4131677837766228,VAL
706,1.655526044465241,115.02826307127276,6.651139,-1.4131677837766228,ALA
707,1.833134802272623,116.01385025117736,8.629898,-1.4131677837766228,TYR
708,1.6949695340709066,119.13824540644482,6.243475,-1.2021516115738626,SER
709,1.7012136974089016,121.84370208794022,3.6744688,-0.8499722960109266,ASN
710,1.7369190926250695,124.27337015575728,5.9410095,-1.1111059238904424,ASN
711,1.8244072521091423,122.48059999519629,6.959936,-1.3349344464380666,SER
712,1.987270201221306,123.05397205435052,6.9048395,-1.321369400308205,ILE
713,1.977826140842967,120.41283520792818,6.0383716,-1.3558840185852326,ALA
714,1.993263163050074,123.16502127945904,9.190087,-1.3293371119835649,ILE
715,2.0201070137190604,121.4748999439746,9.024324,-1.2723393419270428,PRO
716,1.7874143277981809,123.76211177919836,6.4454923,-1.1080001846789107,THR
717,1.7963185364253027,121.54656172746216,3.719399,-0.9428339812183604,ASN
718,1.9666873655562316,119.61629956339192,5.570025,-1.0993940533308832,PHE
719,1.931656169305004,115.33308512522146,7.3680964,-1.103345560924911,THR
720,2.089729706123654,115.31375865584482,10.709002,-1.064291785964851,ILE
721,2.111975744556089,112.03085076799884,13.5540085,-1.0427843446859038,SER
722,2.2079492838425283,109.2504335417472,15.080439,-1.0750378307694015,VAL
723,2.188597996567122,107.07860857588588,17.790531,-0.9286566246981416,THR
724,2.2523159497694545,103.1613375389142,18.842924,-0.96870765686776,THR
725,2.3316670994882664,102.16009910504674,22.096361,-0.910495613703614,GLU
726,2.3821567789616545,97.63953017974004,23.671228,-1.0517657797220086,ILE
727,2.4805898605525893,96.11671663195136,26.634584,-1.234956782540313,LEU
728,2.5509380456591444,92.93539955825388,27.15565,-1.294709058229205,PRO
729,2.614980412539174,91.40824976885052,30.003881,-1.2540931322707425,VAL
730,2.5443248603626056,88.19629005915344,28.975254,-1.2021516115738626,SER
731,2.4639210333292514,84.39373841546448,27.10313,-1.0767889939520705,MET
732,2.3679191216243503,81.0632989933126,23.464777,-1.029143388500797,THR
733,2.456503451291237,78.5767695878189,22.254677,-1.1946506005486324,LYS
734,2.4581127480025984,76.28760834885793,21.355469,-1.1333584779536052,THR
735,2.4623273199462443,72.16734581578625,21.19951,-0.8278281250179943,SER
736,2.488159352990215,69.67574121783056,22.17309,-0.7788240189640314,VAL
737,2.4362547360695896,64.87336862893812,21.994007,-0.4833686058211606,ASP
738,2.474536956625616,64.92491375371468,25.630758,-0.527364993008295,CYS
739,2.3756284825651823,61.35661998966185,25.409243,-0.5917499498675163,THR
740,2.3965801548547425,62.43545269717188,22.517504,-0.5180649436841853,MET
741,2.462629853350452,63.20164273746951,24.273819,-1.0529661912264336,TYR
742,2.458237218551901,60.80943962463728,27.601526,-0.8868476688056137,ILE
743,2.361777530155551,58.2678382247785,26.976557,-0.4039604923614543,CYS
744,2.2739217254344486,57.000755528983895,23.374075,-0.2150979522410719,GLY
745,2.0812470585792946,54.11010439775251,22.780243,0.1107614683075423,ASP
746,2.069249206436232,53.63246258539591,26.45904,-0.2404942407799869,SER
747,1.983693230626116,50.905044020936174,25.365309,-0.126389789457256,THR
748,2.0341861797824285,48.23492537910952,25.282507,-0.2612405046568471,GLU
749,2.260116183933055,54.155020742351454,28.958479,-0.3334947340210844,CYS
750,2.2327596607407862,56.15353605389714,28.780903,-0.288067570014856,SER
751,2.105133440238125,52.55872213489514,26.006742,-0.4179105663476189,ASN
752,2.219975145226172,54.607362081128535,27.880957,-0.5180649436841853,LEU
753,2.347107166410081,58.7372576574216,30.999504,-0.4275683098765021,LEU
754,2.235443182761337,58.53212880208006,29.516819,-0.4189836489619393,LEU
755,2.3118156489879667,58.62441107400304,29.907055,-0.3163254121919587,GLN
756,2.425956379811857,62.27757929014305,33.3332,-0.5565010160423952,TYR
757,2.383376764480188,65.21488042883158,30.002909,-0.5366527169140888,GLY
758,2.391619493284635,68.23414540534908,29.900171,-0.5274374351759465,SER
759,2.495798278450509,68.4966788805046,31.976963,-0.4962455971930048,PHE
760,2.485524419960772,66.38024435387284,29.81081,-0.4715646970636366,CYS
761,2.415786067186889,69.62531900219315,27.051666,-0.6632179785727168,THR
762,2.5154239476031224,72.6008597706618,28.006952,-0.7861741916699415,GLN
763,2.586445467845708,70.9218301834271,29.876991,-0.8928587994845888,LEU
764,2.519763135485292,69.99356587465167,26.783232,-0.8697001717283285,ASN
765,2.4749939647200083,75.1211252910506,24.968111,-0.8014148499291768,ARG
766,2.5652728325176377,77.32705467413771,27.779526,-1.0802646647502696,ALA
767,2.587423940518656,74.78868643882461,27.037731,-1.130683955111261,LEU
768,2.489256891150045,76.39446296748983,25.067984,-0.9892648238220774,THR
769,2.473443541598352,80.44585610060341,24.803719,-0.9782773725189076,GLY
770,2.571761602711137,81.37169295197579,28.070295,-1.179815564506524,ILE
771,2.532574784553398,80.64404957126976,25.227213,-1.1634189457231408,ALA
772,2.41909523144689,82.75816890924636,24.288141,-1.1692748810029203,VAL
773,2.4985532477898533,85.61903028364613,26.426897,-1.134529665009561,GLU
774,2.555427609681736,85.28887910451967,27.746801,-1.1536590535901747,GLN
775,2.4391155360091794,85.08014142645459,26.850426,-0.9683532229547543,ASP
776,2.414897216774005,89.49897753153994,26.044106,-0.9800495420839352,LYS
777,2.5637946976102723,90.21215029401095,29.817999,-1.1129622594609874,ASN
778,2.510134680018361,90.94621391622364,27.849771,-1.1101267881569434,THR
779,2.388498435567045,91.54642741116832,26.369144,-0.8600380933657609,GLN
780,2.4241583595640304,94.93935402188912,29.40244,-0.8983285520618622,GLU
781,2.538685917866567,96.94900777319388,28.002138,-1.1087635497785304,VAL
782,2.4297221262853728,95.76672469914288,25.944056,-1.2239302769475306,PHE
783,2.294048240917037,97.07872229355236,25.2078,-1.0927573266804662,ALA
784,2.302690730784734,100.52182045870296,24.876823,-0.8655673881831674,GLN
785,2.214943273236005,101.85759320797384,21.47778,-0.78703572351525,VAL
786,2.008736903883226,102.35437517209022,20.046373,-0.8857745861912933,LYS
787,2.0104411727253506,103.78982506081417,18.06553,-1.0256092688056593,GLN
788,2.050518479999353,100.0416642615599,18.935358,-1.1638093414084596,ILE
789,2.0725938348758706,105.02252119141674,16.121853,-1.164199737093778,TYR
790,1.881642278298184,102.0660586155997,16.146307,-0.8231790536863363,LYS
791,1.852974178148682,108.06819781027689,14.8649,-0.7612701812150697,THR
792,1.6383371898873444,111.24587669829836,12.5108795,-0.6288639221724763,PRO
793,1.415490172232468,111.35196064214416,13.166304,-0.4366959191836315,PRO
794,1.4064650437179735,113.6898771262866,9.670216,-0.4431373047586766,ILE
795,1.6014233205660815,108.53120510484428,9.475769,-0.5947798786469862,LYS
796,1.6095421704139177,117.04402341112664,6.200977,-0.6234961008599388,ASP
797,1.859535032486133,113.73540783177388,8.042927,-0.984231547296728,PHE
798,1.7916409196481733,120.4032002327508,7.6441026,-0.8092280263697749,GLY
799,1.68264331019154,118.73653335415152,8.174842,-0.4885848585381613,GLY
800,1.8762379922779664,116.12298531475216,6.8693314,-1.248625603776334,PHE
801,1.7664045406889668,112.46365215929669,3.7024539,-1.00493004802556,ASN
802,1.9074831655772813,108.46685625521518,5.889605,-1.2044104926815984,PHE
803,1.7555565018702366,106.279182945597,5.4837165,-0.8070755897487235,SER
804,1.8546673850418331,104.40365429877237,7.293888,-0.8858036356659413,GLN
805,2.069732594706821,104.5240028544041,9.907349,-1.195040996233951,ILE
806,1.994085391402335,103.53715136858712,10.661339,-1.1392144132333848,LEU
807,1.9498224807437468,101.49225747454646,13.505675,-0.8772151215658811,PRO
808,1.7135941478445524,98.76321912402942,13.404149,-0.1123953230465378,ASP
809,1.5094963522934377,97.15284190096374,16.17318,0.0005916532373193,PRO
810,1.3695879412830312,96.35423790391783,17.582132,0.0950229232975103,SER
811,1.512679294258426,94.59321344231736,17.876635,-0.0037006772199622,LYS
812,1.5006764466554643,91.39345299890344,18.621996,0.0381495447385316,PRO
813,1.679000878765084,91.66356579118428,19.15166,-0.2088013473840266,SER
814,1.8377814973448776,95.06678989949005,18.370659,-0.2737598018239179,LYS
815,2.004064886990757,91.02309073979922,16.749184,-0.7838150307277275,ARG
816,2.05630097404281,99.18600276915122,13.2451,-1.0693335855613475,SER
817,1.8663560000053383,100.0925699036604,12.201648,-1.0755799165264457,PHE
818,2.0419871857726006,99.28293816163573,13.3961315,-1.1626381543525035,ILE
819,2.154745052228913,95.89418195830096,16.400314,-1.1118867152610796,GLU
820,1.927008775742281,94.9571290160361,17.25447,-0.6908312445897623,ASP
821,1.909790614384413,95.9530609561324,17.299997,-0.9491439271538844,LEU
822,2.0987033359329703,93.66364969156054,19.52957,-1.0373446812424096,LEU
823,2.0026251369910115,90.5586074464704,21.917456,-0.8693423169741594,PHE
824,1.7841555971803635,91.2597654719583,19.427198,-0.6961479777665515,ASN
825,1.8700576304705607,91.37600253590011,16.760073,-0.6532733530885501,LYS
826,1.948997402867668,88.57653471218734,18.121746,-0.5401970560441435,VAL
854,1.9918625341996796,67.35437752477426,14.101692,-0.3498660447602046,LYS
855,2.171237581473471,64.85700289681385,17.289541,-0.0072702141806259,PHE
856,2.2839454538856847,63.55892651432905,19.296833,-0.4438530142670149,ASN
857,2.3982502982899865,66.11886447420076,19.141796,-0.4896584228006688,GLY
858,2.3938459526203277,68.87927441474963,19.012644,-0.726958359271881,LEU
859,2.318047069328177,71.99932770964092,16.796541,-0.8034970422070319,THR
860,2.287707329059815,74.81176491137647,17.26546,-1.079913295948875,VAL
861,2.29234964689533,75.97490983523625,17.114254,-1.1634189457231408,LEU
862,2.218508135934364,78.79899505816233,17.25532,-1.0193629378405609,PRO
863,2.305225929172923,83.31626025870995,20.653778,-1.1239889815059576,PRO
864,2.320060689690262,85.46265296573297,20.853859,-1.1837195213597105,LEU
865,2.2536710407558256,87.93684431681723,20.247446,-1.2110472193320154,LEU
866,2.1388825584091475,86.68280112043227,19.467697,-1.0638680459668863,THR
867,2.119047037887684,88.4696303203075,21.793936,-0.9430056589550456,ASP
868,2.0080367239592523,88.37994542006363,19.07563,-0.9293654925241526,GLU
869,2.1440839934390588,89.95102430507043,18.856647,-1.1552206363314494,MET
870,2.3036710248738888,91.92692926206875,22.65553,-1.2286150251713546,ILE
871,2.23732129583542,95.4061087880836,20.576185,-1.2364229388777273,ALA
872,2.144161019803387,95.44925582253288,20.762602,-1.2317381906539036,GLN
873,2.302209948207573,95.88198869756712,22.449976,-1.2567235145142968,TYR
874,2.376375931234006,99.324002670724,19.376253,-1.2735105289829989,THR
875,2.23917122871368,101.0452495207737,16.939707,-1.2774144858361849,SER
876,2.2774076331765243,102.82971938686453,19.328014,-1.3063037665497648,ALA
877,2.378031585043143,102.53720031661332,19.41723,-1.2820992340600088,LEU
878,2.3248844449788617,105.51442208121244,15.647604,-1.268435385073856,LEU
879,2.2282885880746632,107.36470493202457,15.832009,-1.2752929916174938,ALA
880,2.3135423230934524,108.7828590517431,16.041208,-1.3759409101461293,GLY
881,2.3693836846872736,109.93503364761504,17.264126,-1.2559427231436595,THR
882,2.198354755306496,110.58057615174546,14.138879,-1.3012286226406222,ILE
883,2.168625653488649,113.05331585329408,13.049833,-1.276243298780229,THR
884,2.2958015715731848,114.0015582315222,12.574012,-1.1981641617165002,SER
885,2.325115761012027,113.62140208441726,15.927213,-1.1794251688212052,GLY
886,2.371450459842124,114.22263391930676,17.498165,-1.2204167157796628,TRP
887,2.3094996764425075,113.80295816729304,14.844716,-1.0591832977430629,THR
888,2.317515034809424,108.41332055608,15.288432,-1.0334393037464036,PHE
889,2.3528524877861337,110.15778052875253,18.965118,-0.6933351040231766,GLY
890,2.325213723898018,111.94493663281858,16.798428,-0.7931317871549696,ALA
891,2.137056340370886,111.37841879731552,14.494866,-1.1677842896090098,GLY
892,1.997965589144849,113.11908034684716,12.807632,-0.7212352519955058,ALA
893,2.1402745861848773,112.59721221902136,11.340067,-1.1271683636505476,ALA
894,2.092677694927844,115.95099964660696,8.890394,-1.121646607394046,LEU
895,2.105297522003699,117.69509864409522,8.230176,-1.2942015003048866,GLN
896,2.12502808964049,119.33569078647326,10.302697,-1.2443296885307271,ILE
897,2.0541453030560524,121.04828418290452,8.004585,-0.4885848585381613,PRO
898,2.113007720422647,116.10538217658046,9.730266,-1.3562744142705512,PHE
899,2.0675278288557486,121.87963810227497,10.197998,-1.2508675792345172,ALA
900,2.135012562585835,123.40273600396657,11.61204,-1.4160049541243038,MET
901,2.2483325805748016,116.8456962974748,13.815863,-1.3868759671349462,GLN
902,2.235334633478944,119.17089625185568,14.896648,-1.351850716826676,MET
903,2.2362750679239305,123.89105079111472,15.840825,-1.2430395055339958,ALA
904,2.2447032748082814,123.1625974098623,17.90383,-1.369217978563944,TYR
905,2.33569752794285,115.47400018024432,19.40458,-1.0361499523092623,ARG
906,2.2962187450669345,123.12654380293222,16.303823,-0.4885848585381613,PHE
907,2.258461369134154,125.32121915999876,19.06263,-1.274584123791483,ASN
908,2.278009502042706,122.1815532090868,20.641518,-0.8646902051699601,GLY
909,2.2792487547425457,120.23661914762246,17.91903,-1.1333584779536052,ILE
910,2.17837291071124,124.1822551779331,17.763998,-1.2735105289829989,GLY
911,2.158498383477486,124.61393875432266,14.942154,-1.3305082990395205,VAL
912,2.0651306019498925,128.90611417804524,16.260784,-1.3078653492910393,THR
913,2.1037010353599745,128.5740745036908,16.714113,-1.1989449530871374,GLN
914,1.9595207478485688,131.93113050613422,15.527123,-1.14825740212898,ASN
915,1.957752345997761,127.66004101792684,11.917995,-1.2177731215578866,VAL
916,2.0546857673618417,124.31506757737633,12.949578,-1.2392526977859195,LEU
917,1.9421892738778104,127.68444752216472,14.395693,-1.2824896297453274,TYR
918,1.7525053987700814,130.87604688263465,12.726482,-1.0533567289760342,GLU
919,1.7762195191917254,126.4086088979332,10.028163,-1.1931692433330487,ASN
920,1.8579352478487292,124.23718470007668,12.926764,-1.25253098127234,GLN
921,1.6476314062465574,123.75149557898524,12.774859,-1.1263872881513464,LYS
922,1.6743618634253137,122.63246505240213,9.27148,-1.1330264298945565,LEU
923,1.9280507176457355,120.5067133717708,10.27637,-1.2005894605754603,ILE
924,1.9134956265901195,118.85053035335142,9.87185,-1.171689667105016,ALA
925,1.7123114197630902,118.65782501174296,9.499363,-0.9165362878018102,ASN
926,1.8553546429461736,116.84390189066296,10.892394,-1.1002212589281062,GLN
927,2.0211577320433016,113.35612468257024,9.78014,-1.1588019213681962,PHE
928,1.8544133233276463,113.68235757769072,6.5476627,-1.0849902866936827,ASN
929,1.7349816488924463,113.393559602395,9.26654,-0.9469402952075536,SER
930,1.937595423016285,111.3836185328189,11.277631,-0.9474416220874315,ALA
931,1.980487844795884,109.03065927355452,8.992276,-0.8231790536863363,ILE
932,1.760520648893093,109.1184691864532,8.803045,-0.944133960595516,GLY
933,1.771107027731028,106.81370325977235,12.542909,-0.8723016325302715,LYS
934,1.948406904337914,104.7802620509754,13.369272,-0.9900896135407372,ILE
935,1.8412264756398924,103.64363345809588,12.738273,-0.6854658315181607,GLN
936,1.6531612615003248,103.2472754608288,14.770242,-0.3914411951943836,ASP
937,1.729980539411129,100.9466917090258,17.500809,-0.6268039819353146,SER
938,1.8482433930910256,99.5409286499468,17.72997,-0.5277226872130685,LEU
939,1.5961634699590324,99.52429055210304,17.314577,-0.3364965880162635,SER
940,1.5361886576778558,98.19121326917072,14.320285,0.1828481264870208,SER
944,1.913319297480454,95.38552335825494,16.151287,-0.5057618867382815,ALA
945,2.131345764245141,93.8120107190457,18.02064,-0.64890378840595,LEU
946,2.139106924156608,91.26676857485684,16.96853,-0.8364196795905956,GLY
947,2.29007384959954,92.5282462455278,20.677847,-0.8106541372904154,LYS
948,2.356654890186944,89.87588554073214,21.367765,-0.9826693962983256,LEU
949,2.23614776569471,87.4707786504806,18.465044,-0.8986864068160315,GLN
950,2.305243155156671,87.23807978849675,19.73386,-0.7487777057630615,ASP
951,2.4159854483024814,85.34156003365035,23.193584,-1.035001454744806,VAL
952,2.313810415971129,83.29026883610602,21.98772,-0.98540316054553,VAL
953,2.2722914847048745,82.59608913648665,19.95034,-0.9740775658071124,ASN
954,2.3951613901296764,81.63910307600277,22.79523,-0.8310473728609554,GLN
955,2.442718178070629,79.2814204008754,25.327154,-0.9212312563286892,ASN
956,2.311561862836414,77.66846525199531,23.542593,-0.9158208993922634,ALA
957,2.3458591700974223,76.91057406673896,22.923111,-0.7279896890773367,GLN
958,2.4740206986697326,75.86947155042917,26.654083,-1.050204196980734,ALA
959,2.436763621872423,73.29327798617699,26.040756,-1.1809867515624797,LEU
960,2.362174853745592,72.2757574487758,25.353666,-1.0596053329696438,ASN
961,2.4499521593575926,71.3978582370336,27.610615,-1.0771795317016708,THR
962,2.510208983774848,69.0083966938472,28.064781,-1.1943408565818507,LEU
963,2.397003195790192,67.3225287573685,25.801886,-0.9627519710686951,VAL
964,2.359896887878623,67.53818811390268,24.952957,-0.8550128845807765,LYS
965,2.456560930768263,65.98265874199348,28.349226,-0.9857936982951304,GLN
966,2.37373342142428,62.45994620346566,27.742779,-1.2318324805435084,LEU
967,2.2651495739485776,63.40112670484576,26.02857,-0.8289012076323147,SER
968,2.353887441648696,62.31800614060676,28.944174,-0.9286978907641076,SER
969,2.33933213118545,59.63360328114778,30.90418,-0.7248121940432404,ASN
970,2.402906888243985,61.74449151790236,32.67903,-0.803862613298173,PHE
971,2.216160206260055,59.31056927643983,30.096336,-0.5277226872130685,GLY
972,2.191123731634113,57.246339683135,29.870846,-0.5409573727896863,ALA
973,1.9872699779585004,51.78333630080251,26.924524,-0.4204144257810331,ILE
974,2.0931887915409177,54.89537570061705,28.261242,-0.417195177938072,SER
975,2.2304805053870718,57.667331248637865,28.810741,-0.5599151656426791,SER
976,2.1536880755724392,54.059600453537136,27.965258,-0.3352832050449517,VAL
977,2.177495140540449,52.13834808300959,28.811682,-0.1714592592587108,LEU
978,2.0327077841476022,49.3532984970985,25.322968,0.0796420724922519,ASN
979,2.007275321810978,49.41662594046999,24.558456,0.0656919985060875,ASP
980,2.090234492570613,49.10370653640707,27.727625,-0.1603707389107337,ILE
981,1.9906770012520645,46.30306594956215,26.961567,0.0517419245199229,LEU
982,1.8355173026367488,44.54273018511577,23.439165,0.1061114436454874,SER
983,1.766984530762022,45.77768757039733,24.443695,0.1726425657333493,ARG
984,1.835013626635602,45.05012395107237,27.330383,0.0810728493113459,LEU
985,1.745646803040242,40.56602735770058,24.116465,0.4237438974843124,ASP
986,1.8153806036528823,44.04152785405053,23.073568,0.2592045632885246,PRO
987,1.7737778630203636,45.43222218661616,23.717558,0.1458155003753405,PRO
988,1.8817325967604628,44.648705365833614,27.367884,0.1461731945801141,GLU
989,2.0778422396327603,49.1904739619134,27.572315,-0.0881165095464967,ALA
990,2.0973113868173776,51.109853416171546,27.821539,-0.0995627240992471,GLU
991,2.0872494915719497,53.17382604495877,30.789856,-0.3621102704029605,VAL
992,2.1990597477392546,53.40050679203345,32.912613,-0.3392178412974596,GLN
993,2.3080415816506936,52.524926895015525,31.932178,-0.5355919597180844,ILE
994,2.336595180980524,57.01503118856215,32.94821,-0.4572569288726986,ASP
995,2.3708655729778134,59.16047968922037,36.113316,-0.3296973476870492,ARG
996,2.454587146786364,57.84502073646425,34.66137,-0.7333968549578032,LEU
997,2.4810114916622497,58.99284253736467,33.875748,-0.8897092224438014,ILE
998,2.4792575389686524,62.89685171923169,36.635098,-0.7623437454775772,THR
999,2.5284088389065644,64.68974036421675,35.672325,-0.807797249550681,GLY
1000,2.566040808135021,60.36582712646424,31.9613,-1.0947537304336978,ARG
1001,2.5736818610070804,66.29371967163833,32.828197,-1.0353919924944066,LEU
1002,2.5821634389621595,68.64523542252157,35.341896,-0.716585227333451,GLN
1003,2.604470613154051,69.0322018009694,32.82033,-0.8379215429687406,SER
1004,2.614451934611357,69.28076076689213,30.46066,-1.0877974516375988,LEU
1005,2.6383773105946213,71.97928693650447,33.37683,-1.0466906358128665,GLN
1006,2.633156248103272,74.45914497793254,34.55464,-1.1462415355691205,THR
1007,2.626989493553345,74.65789186151123,31.161938,-1.214951176185202,TYR
1008,2.654401054103165,75.00078596608219,31.026432,-1.1981641617165002,VAL
1009,2.666569272385251,78.15899351664355,34.685795,-1.18957545663949,THR
1010,2.643894143832321,78.6661635899915,32.85996,-1.0771414992677204,GLN
1011,2.64378211024838,79.27933066342702,31.31596,-1.1560014277020865,GLN
1012,2.6643597681134654,80.96997487384873,33.559517,-1.1790347731358866,LEU
1013,2.663165494281661,83.73398170895295,34.265278,-1.2153415718705205,ILE
1014,2.617167973518459,82.2241400080199,31.112513,-1.104126636424112,ARG
1015,2.642965225732417,85.592549616234,32.837505,-1.1908260168354452,ALA
1016,2.6329064713451444,88.0812680366206,34.650124,-1.2178746977106072,ALA
1017,2.6039588617117904,89.00155840888159,32.1858,-1.1406081046754142,GLU
1018,2.6322570084927523,89.24739385601504,31.16091,-1.2322230182931089,ILE
1019,2.627408104019744,89.5851144973303,33.681232,-1.1408371848865686,ARG
1020,2.5889608046569674,93.9413926340083,34.772213,-1.0846075464205496,ALA
1021,2.6050851560606056,95.13609721567964,31.742258,-1.2005894605754603,SER
1022,2.668356520293852,94.43259267881568,31.446957,-1.2177731215578866,ALA
1023,2.5776276976587797,96.52433964268356,33.00894,-1.2693241045051658,ASN
1024,2.5615739161545275,99.42031643826078,30.901884,-1.4349121103358198,LEU
1025,2.6126196588693724,98.96560680085544,27.766073,-1.4442850163262344,ALA
1026,2.5974550588389915,100.01437634612934,28.880213,-1.4442850163262344,ALA
1027,2.5594420510479186,102.65432840454922,29.444307,-0.4885848585381613,THR
1028,2.592491876462102,104.35582949620122,26.050413,-1.4208527513501985,LYS
1029,2.579548407737747,101.82169823133898,24.379313,-1.252963655098149,MET
1030,2.5592375276746493,105.51963331122268,26.553772,-0.4700191412690599,SER
1031,2.5963558537164264,108.08910901212953,26.354826,-1.3008122333538878,GLU
1032,2.5932063418615634,108.89959278681629,22.893156,-0.4790762753638791,CYS
1033,2.542056849890748,106.9181135258225,20.808008,-0.4790762753638791,VAL
1034,2.502423489887305,107.139953383378,22.020254,-1.133416967644157,LEU
1035,2.495285625930685,111.84363812677974,22.821388,-1.0490608137304276,GLY
1036,2.4502270373116377,114.8433525952311,23.815342,-1.3650058531573126,GLN
1037,2.485471868429544,112.84409725065636,24.784487,-1.0911957439391915,SER
1038,2.4078956848597786,114.96228230310916,24.138037,-1.0853808244432834,LYS
1039,2.4867116808805134,108.296292816272,25.941381,-1.2697146422547665,ARG
1040,2.503423937755429,108.8880921562337,23.764608,-1.1376528304921103,VAL
1041,2.4631127871998264,106.62379044917094,23.438372,-0.7355430201864438,ASP
1042,2.476870800510252,106.88256172254953,25.80458,-1.4419417898286306,PHE
1043,2.492441029024077,109.4550658975472,23.425035,-1.300057435584666,CYS
1044,2.391642303090124,108.79582869210708,21.06011,-1.077570069451271,GLY
1045,2.298194405622977,105.15361114051846,18.549839,-0.7851108899309251,LYS
1046,2.3737622724441003,111.5037782763396,16.05609,-1.0521851157272324,GLY
1047,2.389618601304037,114.95006362206372,16.72796,-1.272838944251571,TYR
1048,2.481841423051585,112.60682576220896,18.900906,-1.263075500511556,HIS
1049,2.400366123162396,116.2097160869662,18.039734,-0.4885848585381613,LEU
1050,2.419838431852336,112.62619495382042,17.716982,-0.69369279822795,MET
1051,2.4902672000588497,109.38730442992626,17.358524,-0.4885848585381613,SER
1052,2.3868957061726306,105.72947291874198,15.573039,-1.4405998822993782,PHE
1053,2.433867660068187,102.93259781615656,17.692951,-0.4885848585381613,PRO
1054,2.3619758373942856,99.41043948704848,17.370157,-1.309158954964427,GLN
1055,2.370917940552255,96.34115062009356,20.456123,-1.2824896297453274,SER
1056,2.3367897956935826,93.15725159604504,22.172642,-0.9826657434206084,ALA
1057,2.218531488210785,90.1112464453943,25.149366,-0.8106588031888686,PRO
1058,2.3936969572605955,86.19681368449886,26.808933,-1.0275812375023947,HIS
1059,2.53239427711494,93.19417922754764,25.886318,-1.1564586948705926,GLY
1060,2.511724365352289,96.7715456361586,22.889736,-1.1880922525882411,VAL
1061,2.448068900839653,99.54902525156548,20.148335,-1.1437980098924634,VAL
1062,2.4781576362010904,102.54802384578451,19.094652,-1.0865524376920852,PHE
1063,2.388035711703461,105.67596947464014,16.087128,-0.4885848585381613,LEU
1064,2.4592121565939857,107.37602465298006,17.614168,-1.3079009116139972,HIS
1065,2.377262466615087,112.61063361332212,15.953884,-1.2578947015702526,VAL
1066,2.408622368120241,112.76192482132696,15.496764,-1.2259744142994993,THR
1067,2.272633373886821,116.13706673953752,12.312646,-1.249696392178561,TYR
1068,2.172918865708854,113.91014487805649,10.8217125,-1.2146488195610818,VAL
1069,2.0929706736356177,116.8726421832164,8.936671,-1.2055816797375545,PRO
1070,1.894146891273771,118.34355367569296,6.6977973,-1.050204196980734,ALA
1071,1.6683955349435986,119.29108466638012,6.6823997,-0.8177188099274285,GLN
1072,1.8300569414249024,116.62794567478753,8.080999,-0.6514087716851342,GLU
1073,1.6449190777243987,122.82914011095502,5.6144094,-0.9051277923910764,LYS
1074,1.6512245119145303,121.38766303272212,3.6213164,-1.0112397264284168,ASN
1075,1.706070517694462,125.63366849125302,6.6100407,-1.2633602411647138,PHE
1076,1.700663109581131,128.0766756689125,8.653644,-1.3978110241237631,THR
1077,1.8691574949472012,126.37385327299258,10.562176,-1.2958501585718112,THR
1078,1.831019697704456,130.1288259129921,10.287549,-1.1673229025763272,ALA
1079,1.9171006335224725,129.61680868387617,11.513067,-1.237984521619002,PRO
1080,1.8996133310639192,133.05512946789705,11.463512,-1.1735692335414256,ALA
1081,1.7784315572791702,136.56831904105013,8.725939,-1.2283176407971028,ILE
1082,1.626323449775681,139.28087589836034,6.395738,-0.929055584968881,CYS
1083,1.4463042679165188,142.64106036426415,7.5364985,-0.9955571420351456,HIS
1084,1.213167009453079,146.0228440973654,9.202849,-0.8489445959865166,ASP
1085,1.2845219038208116,144.1921244393804,8.750444,-0.8070857925372643,GLY
1086,1.5469449254419945,141.55567461748552,10.518975,-0.902228519610872,LYS
1087,1.7676821594113852,138.312175979748,10.872653,-1.123653523904142,ALA
1088,1.8624613029377624,136.60367012493535,12.6370125,-1.2482350660267334,HIS
1089,1.964623659692725,133.77900149777116,15.31693,-1.211437615017334,PHE
1090,2.0194549634836774,132.76815788135605,17.735256,-0.4885848585381613,PRO
1091,1.9603282894429757,132.89689018281413,21.18037,-0.9458672125932333,ARG
1092,1.9982545454132632,130.44363758890154,20.096447,-0.5572929713386421,GLU
1093,2.086331528196556,129.96267120320925,16.903934,-1.008431858651639,GLY
1094,2.0477942978071297,127.983404719821,14.878354,-1.4642024415558648,VAL
1095,1.9586064005250885,130.6261423759679,12.351943,-0.4885848585381613,PHE
1096,1.8733176493710149,129.32304854029755,9.289769,-1.4800298465165616,VAL
1097,1.6656823916900358,130.8861170908033,6.5701227,-0.9697826858050932,SER
1098,1.435578283731317,132.48989407110284,3.746537,-0.5348765713085375,ASN
1099,1.2612333167416236,132.88864844375058,5.7882695,-0.5777998758813517,GLY
1100,1.1831184331328988,135.58245384738737,5.8121843,-0.5448920090421943,THR
1101,1.3467853208500613,135.7127965506724,5.335084,-0.6743114759519611,HIS
1102,1.6044180498476956,132.77644323978038,7.640636,-1.1419471830306154,TRP
1103,1.7684222605123705,134.49400006528458,8.613697,-1.170836463744195,PHE
1104,1.9453513402762923,133.76182917435474,11.814571,-1.2912425177027402,VAL
1105,1.99789885824878,129.92168608945482,12.596946,-1.287698178572685,THR
1106,2.0688403160511264,127.88719005066996,16.027239,-1.2755727084987754,GLN
1107,2.0996218200293737,124.24726304942044,15.357078,-1.1349791186425595,ARG
1108,2.106802611387918,121.64466562466626,13.033077,-1.1267778259009469,ASN
1109,2.018900387718221,125.62092045078,10.563763,-1.241107687101551,PHE
1110,1.8708118654283397,127.42181710028936,11.065773,-1.2305670035979477,TYR
1111,1.748714980131058,130.7935032794175,11.79545,-0.9967287552839472,GLU
1112,1.7095427657509046,133.4945009576112,9.263537,-1.0959253436824996,PRO
1113,1.6483809406015528,136.44642496403034,10.862286,-1.0689431898760289,GLN
1114,1.5566641346791066,139.8426824656758,11.093016,-1.063477650281568,ILE
1115,1.7019196714917726,137.9684229794674,13.4731045,-1.1399952046040225,ILE
1116,1.6791912472931183,141.9700422808716,16.938908,-0.9955571420351456,THR
1117,1.644646335122739,143.69226367521216,17.85594,-1.0268001620031937,THR
1118,1.6730233978199598,140.65805937981395,21.03591,-0.7133176441564008,ASP
1119,1.830072709233649,137.35119092968543,18.283632,-1.0619237759881992,ASN
1120,1.9120701985192508,138.66051451987076,17.541689,-1.1650640446727918,THR
1121,1.8068013214185352,135.2445209892417,17.899742,-1.2114948872765088,PHE
1122,1.7149281534136396,139.72375625122524,15.922133,-1.0651136812052484,VAL
1123,1.6577105488912067,136.73886619698072,16.44519,-0.8020656231903551,SER
1124,1.510330358050339,140.04488908075655,14.971853,-0.8317675677863964,GLY
1125,1.456420525078777,138.74413633080232,11.806509,-0.742224386457263,ASN
1126,1.5173055453472009,138.80141497042996,8.730818,-0.4452844332836915,CYS
1127,1.3148328119019057,136.46795624970898,10.367602,-0.4530063134447972,ASP
1128,1.4497699594461242,132.7011084069229,13.497064,-0.8335512322943696,VAL
1129,1.673691060350933,132.2971861568619,12.834689,-0.9570113377385794,VAL
1130,1.5576556247761322,127.87153857137534,9.313626,-0.5238930960458917,ILE
1131,1.5732421995890595,131.04188915300526,8.122038,-0.4885848585381613,GLY
1132,1.6538066534073534,133.31777512671744,8.223576,-0.4608338709204331,ILE
1133,1.518473123783496,134.00259408581786,5.881257,-0.9971192930335478,VAL
1134,1.3770057000800433,138.46032322643862,3.6323383,-0.7924035448277875,ASN
1135,1.4018586893321696,140.1256153219462,6.851057,-0.8825829428784187,ASN
1136,1.351516357244162,143.00369814437437,9.543774,-0.8933185855034939,THR
1137,1.5261056724070934,142.50441176555347,12.412188,-1.019379944760782,VAL
1138,1.422604915616876,145.42830654499386,15.521896,-0.7004348730063106,TYR
1139,1.3922088872668037,148.3600661696255,18.150988,-0.3034352021564878,ASP
1140,1.3430577828383583,148.23269828951615,21.545073,-0.2786248282461047,PRO
1141,1.3001570830699596,151.79203520164108,23.529139,0.1780985484790046,LEU
1142,1.1853432655822906,153.72879510554125,21.790808,0.4683187541102024,GLN
1143,1.1067897841746803,153.1212916967795,22.90117,0.3273239809675488,PRO
1144,1.1273094429874253,154.84331920601207,25.456736,0.5464330097216062,GLU
1145,1.049717391678436,157.25202512566614,27.249924,0.5001678272312587,LEU
1146,0.8860335461835505,159.2997804275021,26.051523,0.6133218260142416,ASP
